code,tenor,Default_Model_Name,Default_Prediction
bm05,5.068918302,CatBoost,5.619567658911705
bm10,10.15405674,CatBoost,6.244218077189039
bm15,14.48804526,CatBoost,6.475332048455145
bm20,19.4880219,CatBoost,6.540817940582508
bm30,28.40313444,CatBoost,6.727340081002618
bm40,38.403159,CatBoost,6.782240596374874
spn01m,0.087671233,CatBoost,4.203079271230559
spn03m,0.252054795,CatBoost,4.190661466919298
spn12m,0.961643836,CatBoost,4.51266949918129
